driver,lapnumber,laptime,compound,tyrelife,position,race_round,year
NOR,1.0,87.198,MEDIUM,1.0,4.0,7,2026
NOR,2.0,82.251,MEDIUM,2.0,4.0,7,2026
NOR,3.0,82.422,MEDIUM,3.0,4.0,7,2026
NOR,4.0,82.773,MEDIUM,4.0,4.0,7,2026
NOR,5.0,83.287,MEDIUM,5.0,4.0,7,2026
NOR,6.0,83.226,MEDIUM,6.0,4.0,7,2026
NOR,7.0,83.357,MEDIUM,7.0,4.0,7,2026
NOR,8.0,83.392,MEDIUM,8.0,4.0,7,2026
NOR,9.0,83.501,MEDIUM,9.0,4.0,7,2026
NOR,10.0,83.319,MEDIUM,10.0,4.0,7,2026
NOR,11.0,83.401,MEDIUM,11.0,3.0,7,2026
NOR,12.0,83.618,MEDIUM,12.0,3.0,7,2026
NOR,13.0,87.846,MEDIUM,13.0,2.0,7,2026
NOR,14.0,100.651,HARD,1.0,6.0,7,2026
NOR,15.0,82.07,HARD,2.0,5.0,7,2026
NOR,16.0,82.193,HARD,3.0,5.0,7,2026
NOR,17.0,81.944,HARD,4.0,4.0,7,2026
NOR,18.0,81.981,HARD,5.0,4.0,7,2026
NOR,19.0,82.354,HARD,6.0,4.0,7,2026
NOR,20.0,82.243,HARD,7.0,4.0,7,2026
NOR,21.0,82.375,HARD,8.0,4.0,7,2026
NOR,22.0,82.022,HARD,9.0,4.0,7,2026
NOR,23.0,82.279,HARD,10.0,4.0,7,2026
NOR,24.0,82.444,HARD,11.0,4.0,7,2026
NOR,25.0,82.463,HARD,12.0,4.0,7,2026
NOR,26.0,82.664,HARD,13.0,4.0,7,2026
NOR,27.0,82.909,HARD,14.0,3.0,7,2026
NOR,28.0,82.66,HARD,15.0,3.0,7,2026
NOR,29.0,83.254,HARD,16.0,3.0,7,2026
NOR,30.0,83.156,HARD,17.0,3.0,7,2026
NOR,31.0,82.947,HARD,18.0,3.0,7,2026
NOR,32.0,83.597,HARD,19.0,3.0,7,2026
NOR,33.0,82.849,HARD,20.0,3.0,7,2026
NOR,34.0,83.115,HARD,21.0,3.0,7,2026
NOR,35.0,87.299,HARD,22.0,4.0,7,2026
NOR,36.0,99.962,HARD,1.0,5.0,7,2026
NOR,37.0,80.232,HARD,2.0,5.0,7,2026
NOR,38.0,81.112,HARD,3.0,5.0,7,2026
NOR,39.0,81.165,HARD,4.0,4.0,7,2026
NOR,40.0,88.389,HARD,5.0,4.0,7,2026
NOR,42.0,85.074,HARD,7.0,4.0,7,2026
NOR,43.0,80.931,HARD,8.0,4.0,7,2026
NOR,44.0,80.806,HARD,9.0,4.0,7,2026
NOR,45.0,80.928,HARD,10.0,4.0,7,2026
NOR,46.0,80.83,HARD,11.0,4.0,7,2026
NOR,47.0,80.948,HARD,12.0,4.0,7,2026
NOR,48.0,81.2,HARD,13.0,4.0,7,2026
NOR,49.0,81.262,HARD,14.0,4.0,7,2026
NOR,50.0,80.962,HARD,15.0,4.0,7,2026
NOR,51.0,81.253,HARD,16.0,4.0,7,2026
NOR,52.0,81.606,HARD,17.0,4.0,7,2026
NOR,53.0,81.811,HARD,18.0,4.0,7,2026
NOR,54.0,81.809,HARD,19.0,4.0,7,2026
NOR,55.0,81.964,HARD,20.0,4.0,7,2026
NOR,56.0,82.127,HARD,21.0,4.0,7,2026
NOR,57.0,82.223,HARD,22.0,4.0,7,2026
NOR,58.0,82.252,HARD,23.0,4.0,7,2026
NOR,59.0,82.489,HARD,24.0,4.0,7,2026
NOR,60.0,82.4,HARD,25.0,4.0,7,2026
NOR,61.0,83.142,HARD,26.0,4.0,7,2026
NOR,62.0,82.724,HARD,27.0,3.0,7,2026
NOR,65.0,86.01,HARD,30.0,3.0,7,2026
NOR,66.0,82.401,HARD,31.0,3.0,7,2026
GAS,1.0,92.099,MEDIUM,1.0,12.0,7,2026
GAS,2.0,84.303,MEDIUM,2.0,12.0,7,2026
GAS,3.0,84.219,MEDIUM,3.0,12.0,7,2026
GAS,4.0,84.527,MEDIUM,4.0,12.0,7,2026
GAS,5.0,85.097,MEDIUM,5.0,12.0,7,2026
GAS,6.0,85.808,MEDIUM,6.0,13.0,7,2026
GAS,7.0,85.386,MEDIUM,7.0,13.0,7,2026
GAS,8.0,85.72,MEDIUM,8.0,13.0,7,2026
GAS,9.0,86.054,MEDIUM,9.0,13.0,7,2026
GAS,10.0,86.055,MEDIUM,10.0,13.0,7,2026
GAS,11.0,85.954,MEDIUM,11.0,13.0,7,2026
GAS,12.0,85.806,MEDIUM,12.0,11.0,7,2026
GAS,13.0,85.798,MEDIUM,13.0,11.0,7,2026
GAS,14.0,89.745,MEDIUM,14.0,10.0,7,2026
GAS,15.0,102.799,HARD,1.0,15.0,7,2026
GAS,16.0,83.023,HARD,2.0,14.0,7,2026
GAS,17.0,83.237,HARD,3.0,14.0,7,2026
GAS,18.0,83.512,HARD,4.0,13.0,7,2026
GAS,19.0,83.619,HARD,5.0,12.0,7,2026
GAS,20.0,83.826,HARD,6.0,12.0,7,2026
GAS,21.0,83.789,HARD,7.0,12.0,7,2026
GAS,22.0,83.988,HARD,8.0,12.0,7,2026
GAS,23.0,84.096,HARD,9.0,11.0,7,2026
GAS,24.0,85.127,HARD,10.0,11.0,7,2026
GAS,25.0,84.606,HARD,11.0,11.0,7,2026
GAS,26.0,84.652,HARD,12.0,11.0,7,2026
GAS,27.0,85.125,HARD,13.0,11.0,7,2026
GAS,28.0,85.143,HARD,14.0,11.0,7,2026
GAS,29.0,84.775,HARD,15.0,10.0,7,2026
GAS,30.0,84.587,HARD,16.0,10.0,7,2026
GAS,31.0,84.734,HARD,17.0,10.0,7,2026
GAS,32.0,84.877,HARD,18.0,10.0,7,2026
GAS,33.0,85.359,HARD,19.0,10.0,7,2026
GAS,34.0,85.113,HARD,20.0,10.0,7,2026
GAS,35.0,85.068,HARD,21.0,9.0,7,2026
GAS,36.0,84.317,HARD,22.0,9.0,7,2026
GAS,37.0,85.105,HARD,23.0,9.0,7,2026
GAS,38.0,86.733,HARD,24.0,9.0,7,2026
GAS,39.0,88.674,HARD,25.0,9.0,7,2026
GAS,41.0,103.4,HARD,1.0,9.0,7,2026
GAS,42.0,81.708,HARD,2.0,9.0,7,2026
GAS,43.0,81.96,HARD,3.0,9.0,7,2026
GAS,44.0,82.014,HARD,4.0,9.0,7,2026
GAS,45.0,82.691,HARD,5.0,9.0,7,2026
GAS,46.0,82.562,HARD,6.0,9.0,7,2026
GAS,47.0,83.116,HARD,7.0,9.0,7,2026
GAS,48.0,82.79,HARD,8.0,9.0,7,2026
GAS,49.0,82.992,HARD,9.0,9.0,7,2026
GAS,50.0,83.112,HARD,10.0,9.0,7,2026
GAS,51.0,83.192,HARD,11.0,9.0,7,2026
GAS,52.0,84.548,HARD,12.0,9.0,7,2026
GAS,53.0,84.997,HARD,13.0,9.0,7,2026
GAS,54.0,83.426,HARD,14.0,9.0,7,2026
GAS,55.0,83.374,HARD,15.0,9.0,7,2026
GAS,56.0,83.027,HARD,16.0,9.0,7,2026
GAS,57.0,83.006,HARD,17.0,9.0,7,2026
GAS,58.0,83.133,HARD,18.0,9.0,7,2026
GAS,59.0,83.182,HARD,19.0,9.0,7,2026
GAS,60.0,83.292,HARD,20.0,9.0,7,2026
GAS,61.0,94.255,HARD,21.0,9.0,7,2026
GAS,63.0,102.785,HARD,23.0,7.0,7,2026
GAS,64.0,83.285,HARD,24.0,7.0,7,2026
GAS,65.0,83.622,HARD,25.0,7.0,7,2026
PER,1.0,94.895,SOFT,1.0,19.0,7,2026
PER,2.0,85.549,SOFT,2.0,19.0,7,2026
PER,3.0,85.378,SOFT,3.0,19.0,7,2026
PER,4.0,85.701,SOFT,4.0,19.0,7,2026
PER,5.0,85.768,SOFT,5.0,19.0,7,2026
PER,6.0,86.016,SOFT,6.0,19.0,7,2026
PER,7.0,86.09,SOFT,7.0,19.0,7,2026
PER,8.0,86.482,SOFT,8.0,19.0,7,2026
PER,9.0,86.902,SOFT,9.0,19.0,7,2026
PER,10.0,86.728,SOFT,10.0,19.0,7,2026
PER,11.0,86.99,SOFT,11.0,19.0,7,2026
PER,12.0,91.348,SOFT,12.0,19.0,7,2026
PER,14.0,84.676,HARD,2.0,21.0,7,2026
PER,15.0,84.22,HARD,3.0,20.0,7,2026
PER,16.0,85.422,HARD,4.0,20.0,7,2026
PER,17.0,85.119,HARD,5.0,20.0,7,2026
PER,18.0,85.018,HARD,6.0,20.0,7,2026
PER,19.0,86.249,HARD,7.0,19.0,7,2026
PER,20.0,86.336,HARD,8.0,19.0,7,2026
PER,21.0,85.511,HARD,9.0,19.0,7,2026
PER,22.0,87.003,HARD,10.0,19.0,7,2026
PER,23.0,87.873,HARD,11.0,19.0,7,2026
PER,24.0,86.632,HARD,12.0,19.0,7,2026
PER,25.0,86.239,HARD,13.0,19.0,7,2026
PER,26.0,88.608,HARD,14.0,19.0,7,2026
PER,27.0,86.984,HARD,15.0,19.0,7,2026
PER,28.0,87.363,HARD,16.0,19.0,7,2026
PER,29.0,86.456,HARD,17.0,19.0,7,2026
PER,30.0,86.699,HARD,18.0,17.0,7,2026
PER,31.0,91.808,HARD,19.0,17.0,7,2026
PER,33.0,83.599,HARD,2.0,19.0,7,2026
PER,34.0,85.288,HARD,3.0,19.0,7,2026
PER,35.0,84.306,HARD,4.0,18.0,7,2026
PER,36.0,84.883,HARD,5.0,18.0,7,2026
PER,37.0,85.828,HARD,6.0,18.0,7,2026
PER,38.0,84.717,HARD,7.0,17.0,7,2026
PER,41.0,83.881,MEDIUM,2.0,17.0,7,2026
PER,42.0,86.375,MEDIUM,3.0,17.0,7,2026
PER,43.0,82.82,MEDIUM,4.0,17.0,7,2026
PER,44.0,85.346,MEDIUM,5.0,17.0,7,2026
PER,45.0,83.442,MEDIUM,6.0,17.0,7,2026
PER,46.0,83.799,MEDIUM,7.0,17.0,7,2026
PER,47.0,83.796,MEDIUM,8.0,17.0,7,2026
PER,48.0,85.74,MEDIUM,9.0,17.0,7,2026
PER,49.0,87.241,MEDIUM,10.0,17.0,7,2026
PER,50.0,88.083,MEDIUM,11.0,17.0,7,2026
PER,51.0,84.906,MEDIUM,12.0,17.0,7,2026
PER,52.0,84.708,MEDIUM,13.0,17.0,7,2026
PER,53.0,84.895,MEDIUM,14.0,17.0,7,2026
PER,54.0,85.083,MEDIUM,15.0,17.0,7,2026
PER,55.0,87.104,MEDIUM,16.0,17.0,7,2026
PER,56.0,85.397,MEDIUM,17.0,17.0,7,2026
PER,57.0,85.495,MEDIUM,18.0,17.0,7,2026
PER,58.0,85.942,MEDIUM,19.0,17.0,7,2026
PER,59.0,86.844,MEDIUM,20.0,17.0,7,2026
PER,62.0,89.685,MEDIUM,23.0,15.0,7,2026
PER,63.0,84.778,MEDIUM,24.0,14.0,7,2026
ANT,1.0,86.497,MEDIUM,1.0,3.0,7,2026
ANT,2.0,82.042,MEDIUM,2.0,3.0,7,2026
ANT,3.0,82.12,MEDIUM,3.0,3.0,7,2026
ANT,4.0,82.271,MEDIUM,4.0,3.0,7,2026
ANT,5.0,82.448,MEDIUM,5.0,3.0,7,2026
ANT,6.0,82.992,MEDIUM,6.0,3.0,7,2026
ANT,7.0,83.088,MEDIUM,7.0,3.0,7,2026
ANT,8.0,83.757,MEDIUM,8.0,3.0,7,2026
ANT,9.0,83.56,MEDIUM,9.0,3.0,7,2026
ANT,10.0,83.882,MEDIUM,10.0,3.0,7,2026
ANT,11.0,83.586,MEDIUM,11.0,2.0,7,2026
ANT,12.0,83.367,MEDIUM,12.0,2.0,7,2026
ANT,13.0,83.56,MEDIUM,13.0,1.0,7,2026
ANT,14.0,87.034,MEDIUM,14.0,1.0,7,2026
ANT,15.0,100.87,HARD,1.0,4.0,7,2026
ANT,16.0,82.003,HARD,2.0,4.0,7,2026
ANT,17.0,81.905,HARD,3.0,3.0,7,2026
ANT,18.0,81.632,HARD,4.0,3.0,7,2026
ANT,19.0,81.921,HARD,5.0,3.0,7,2026
ANT,20.0,82.049,HARD,6.0,3.0,7,2026
ANT,21.0,82.196,HARD,7.0,3.0,7,2026
ANT,22.0,82.161,HARD,8.0,3.0,7,2026
ANT,23.0,82.45,HARD,9.0,3.0,7,2026
ANT,24.0,82.843,HARD,10.0,3.0,7,2026
ANT,25.0,82.677,HARD,11.0,3.0,7,2026
ANT,26.0,82.614,HARD,12.0,3.0,7,2026
ANT,27.0,82.76,HARD,13.0,2.0,7,2026
ANT,28.0,82.055,HARD,14.0,2.0,7,2026
ANT,29.0,82.623,HARD,15.0,2.0,7,2026
ANT,30.0,82.502,HARD,16.0,2.0,7,2026
ANT,31.0,82.839,HARD,17.0,2.0,7,2026
ANT,32.0,82.688,HARD,18.0,2.0,7,2026
ANT,33.0,83.757,HARD,19.0,2.0,7,2026
ANT,34.0,82.717,HARD,20.0,2.0,7,2026
ANT,35.0,82.661,HARD,21.0,2.0,7,2026
ANT,36.0,83.424,HARD,22.0,1.0,7,2026
ANT,37.0,85.693,HARD,23.0,1.0,7,2026
ANT,38.0,100.095,HARD,1.0,4.0,7,2026
ANT,39.0,80.899,HARD,2.0,3.0,7,2026
ANT,40.0,88.148,HARD,3.0,3.0,7,2026
ANT,42.0,85.786,HARD,5.0,3.0,7,2026
ANT,43.0,80.898,HARD,6.0,3.0,7,2026
ANT,44.0,80.917,HARD,7.0,3.0,7,2026
ANT,45.0,80.717,HARD,8.0,3.0,7,2026
ANT,46.0,80.704,HARD,9.0,3.0,7,2026
ANT,47.0,80.867,HARD,10.0,3.0,7,2026
ANT,48.0,81.328,HARD,11.0,3.0,7,2026
ANT,49.0,81.229,HARD,12.0,3.0,7,2026
ANT,50.0,81.361,HARD,13.0,3.0,7,2026
ANT,51.0,81.358,HARD,14.0,3.0,7,2026
ANT,52.0,81.45,HARD,15.0,3.0,7,2026
ANT,53.0,81.909,HARD,16.0,3.0,7,2026
ANT,54.0,81.736,HARD,17.0,3.0,7,2026
ANT,55.0,81.853,HARD,18.0,3.0,7,2026
ANT,56.0,81.768,HARD,19.0,3.0,7,2026
ANT,57.0,81.927,HARD,20.0,3.0,7,2026
ANT,58.0,81.87,HARD,21.0,3.0,7,2026
ANT,59.0,82.091,HARD,22.0,3.0,7,2026
ANT,60.0,81.803,HARD,23.0,3.0,7,2026
ANT,61.0,82.715,HARD,24.0,2.0,7,2026
ALO,1.0,97.171,HARD,1.0,22.0,7,2026
ALO,2.0,85.751,HARD,2.0,22.0,7,2026
ALO,3.0,86.254,HARD,3.0,22.0,7,2026
ALO,4.0,86.079,HARD,4.0,22.0,7,2026
ALO,5.0,86.728,HARD,5.0,21.0,7,2026
ALO,6.0,86.279,HARD,6.0,21.0,7,2026
ALO,7.0,86.333,HARD,7.0,21.0,7,2026
ALO,8.0,86.644,HARD,8.0,21.0,7,2026
ALO,9.0,87.479,HARD,9.0,21.0,7,2026
ALO,10.0,88.46,HARD,10.0,21.0,7,2026
ALO,11.0,87.477,HARD,11.0,21.0,7,2026
ALO,12.0,87.381,HARD,12.0,20.0,7,2026
ALO,13.0,87.62,HARD,13.0,19.0,7,2026
ALO,14.0,87.565,HARD,14.0,17.0,7,2026
ALO,15.0,87.301,HARD,15.0,16.0,7,2026
ALO,16.0,87.842,HARD,16.0,17.0,7,2026
ALO,17.0,86.881,HARD,17.0,17.0,7,2026
ALO,18.0,87.408,HARD,18.0,18.0,7,2026
ALO,19.0,87.901,HARD,19.0,18.0,7,2026
ALO,20.0,88.393,HARD,20.0,20.0,7,2026
ALO,21.0,93.829,HARD,21.0,20.0,7,2026
ALO,23.0,85.437,HARD,2.0,20.0,7,2026
ALO,24.0,85.761,HARD,3.0,20.0,7,2026
ALO,25.0,85.958,HARD,4.0,20.0,7,2026
ALO,26.0,85.691,HARD,5.0,20.0,7,2026
ALO,27.0,85.366,HARD,6.0,20.0,7,2026
ALO,28.0,86.416,HARD,7.0,20.0,7,2026
ALO,29.0,85.803,HARD,8.0,20.0,7,2026
ALO,30.0,85.827,HARD,9.0,19.0,7,2026
ALO,31.0,85.788,HARD,10.0,19.0,7,2026
ALO,32.0,85.851,HARD,11.0,18.0,7,2026
ALO,33.0,85.945,HARD,12.0,18.0,7,2026
ALO,34.0,86.215,HARD,13.0,18.0,7,2026
ALO,35.0,86.945,HARD,14.0,17.0,7,2026
ALO,36.0,86.063,HARD,15.0,17.0,7,2026
ALO,37.0,86.259,HARD,16.0,17.0,7,2026
LEC,1.0,89.361,MEDIUM,1.0,7.0,7,2026
LEC,2.0,82.883,MEDIUM,2.0,7.0,7,2026
LEC,3.0,82.65,MEDIUM,3.0,7.0,7,2026
LEC,4.0,82.914,MEDIUM,4.0,7.0,7,2026
LEC,5.0,83.063,MEDIUM,5.0,7.0,7,2026
LEC,6.0,83.835,MEDIUM,6.0,7.0,7,2026
LEC,7.0,83.102,MEDIUM,7.0,7.0,7,2026
LEC,8.0,83.402,MEDIUM,8.0,6.0,7,2026
LEC,9.0,83.561,MEDIUM,9.0,6.0,7,2026
LEC,10.0,83.8,MEDIUM,10.0,6.0,7,2026
LEC,11.0,84.178,MEDIUM,11.0,6.0,7,2026
LEC,12.0,84.3,MEDIUM,12.0,4.0,7,2026
LEC,13.0,83.51,MEDIUM,13.0,3.0,7,2026
LEC,14.0,83.996,MEDIUM,14.0,2.0,7,2026
LEC,15.0,84.039,MEDIUM,15.0,1.0,7,2026
LEC,16.0,87.915,MEDIUM,16.0,2.0,7,2026
LEC,17.0,101.974,HARD,1.0,6.0,7,2026
LEC,18.0,82.198,HARD,2.0,6.0,7,2026
LEC,19.0,81.985,HARD,3.0,6.0,7,2026
LEC,20.0,81.753,HARD,4.0,6.0,7,2026
LEC,21.0,81.589,HARD,5.0,6.0,7,2026
LEC,22.0,82.011,HARD,6.0,6.0,7,2026
LEC,23.0,81.864,HARD,7.0,6.0,7,2026
LEC,24.0,82.463,HARD,8.0,6.0,7,2026
LEC,25.0,82.6,HARD,9.0,6.0,7,2026
LEC,26.0,82.735,HARD,10.0,6.0,7,2026
LEC,27.0,83.196,HARD,11.0,6.0,7,2026
LEC,28.0,83.068,HARD,12.0,5.0,7,2026
LEC,29.0,83.124,HARD,13.0,4.0,7,2026
LEC,30.0,82.705,HARD,14.0,4.0,7,2026
LEC,31.0,82.853,HARD,15.0,4.0,7,2026
LEC,32.0,84.187,HARD,16.0,5.0,7,2026
LEC,33.0,83.328,HARD,17.0,5.0,7,2026
LEC,34.0,82.962,HARD,18.0,5.0,7,2026
LEC,35.0,83.04,HARD,19.0,5.0,7,2026
LEC,36.0,82.768,HARD,20.0,4.0,7,2026
LEC,37.0,83.024,HARD,21.0,3.0,7,2026
LEC,38.0,83.515,HARD,22.0,2.0,7,2026
LEC,39.0,88.314,HARD,23.0,5.0,7,2026
LEC,42.0,80.627,HARD,3.0,6.0,7,2026
LEC,43.0,80.999,HARD,4.0,6.0,7,2026
LEC,44.0,80.74,HARD,5.0,6.0,7,2026
LEC,45.0,80.881,HARD,6.0,6.0,7,2026
LEC,46.0,80.458,HARD,7.0,6.0,7,2026
LEC,47.0,80.379,HARD,8.0,6.0,7,2026
LEC,48.0,81.017,HARD,9.0,6.0,7,2026
LEC,49.0,80.884,HARD,10.0,6.0,7,2026
LEC,50.0,82.376,HARD,11.0,6.0,7,2026
LEC,51.0,81.681,HARD,12.0,6.0,7,2026
LEC,52.0,82.154,HARD,13.0,6.0,7,2026
LEC,53.0,81.875,HARD,14.0,6.0,7,2026
LEC,54.0,82.01,HARD,15.0,6.0,7,2026
LEC,55.0,82.015,HARD,16.0,6.0,7,2026
LEC,56.0,82.768,HARD,17.0,6.0,7,2026
LEC,57.0,82.45,HARD,18.0,6.0,7,2026
LEC,58.0,82.265,HARD,19.0,6.0,7,2026
LEC,59.0,82.196,HARD,20.0,6.0,7,2026
LEC,60.0,83.072,HARD,21.0,6.0,7,2026
LEC,61.0,82.855,HARD,22.0,6.0,7,2026
STR,1.0,96.077,HARD,1.0,21.0,7,2026
STR,2.0,86.301,HARD,2.0,21.0,7,2026
STR,3.0,85.904,HARD,3.0,21.0,7,2026
STR,4.0,86.43,HARD,4.0,21.0,7,2026
STR,5.0,94.345,HARD,5.0,22.0,7,2026
ALB,1.0,94.507,MEDIUM,1.0,18.0,7,2026
ALB,2.0,85.305,MEDIUM,2.0,18.0,7,2026
ALB,3.0,85.324,MEDIUM,3.0,18.0,7,2026
ALB,4.0,85.32,MEDIUM,4.0,18.0,7,2026
ALB,5.0,85.707,MEDIUM,5.0,18.0,7,2026
ALB,6.0,85.68,MEDIUM,6.0,18.0,7,2026
ALB,7.0,86.108,MEDIUM,7.0,18.0,7,2026
ALB,8.0,86.438,MEDIUM,8.0,18.0,7,2026
ALB,9.0,86.588,MEDIUM,9.0,18.0,7,2026
ALB,10.0,86.564,MEDIUM,10.0,18.0,7,2026
ALB,11.0,86.477,MEDIUM,11.0,18.0,7,2026
ALB,12.0,86.569,MEDIUM,12.0,17.0,7,2026
ALB,13.0,90.373,MEDIUM,13.0,16.0,7,2026
ALB,15.0,84.482,HARD,2.0,19.0,7,2026
ALB,16.0,84.973,HARD,3.0,18.0,7,2026
ALB,17.0,85.538,HARD,4.0,19.0,7,2026
ALB,18.0,84.969,HARD,5.0,19.0,7,2026
ALB,19.0,85.022,HARD,6.0,17.0,7,2026
ALB,20.0,85.443,HARD,7.0,17.0,7,2026
ALB,21.0,85.217,HARD,8.0,17.0,7,2026
ALB,22.0,85.301,HARD,9.0,17.0,7,2026
ALB,23.0,85.909,HARD,10.0,18.0,7,2026
ALB,24.0,87.824,HARD,11.0,18.0,7,2026
ALB,25.0,88.019,HARD,12.0,18.0,7,2026
ALB,26.0,85.213,HARD,13.0,18.0,7,2026
ALB,27.0,85.467,HARD,14.0,18.0,7,2026
ALB,28.0,88.197,HARD,15.0,18.0,7,2026
ALB,29.0,90.544,HARD,16.0,18.0,7,2026
ALB,31.0,84.343,HARD,2.0,18.0,7,2026
ALB,32.0,83.803,HARD,3.0,17.0,7,2026
ALB,33.0,84.379,HARD,4.0,17.0,7,2026
ALB,34.0,87.738,HARD,5.0,17.0,7,2026
ALB,36.0,83.151,SOFT,2.0,19.0,7,2026
ALB,37.0,83.195,SOFT,3.0,19.0,7,2026
ALB,38.0,83.194,SOFT,4.0,18.0,7,2026
ALB,39.0,83.287,SOFT,5.0,18.0,7,2026
ALB,40.0,83.573,SOFT,6.0,18.0,7,2026
ALB,41.0,83.41,SOFT,7.0,18.0,7,2026
ALB,42.0,83.602,SOFT,8.0,18.0,7,2026
ALB,43.0,86.038,SOFT,9.0,18.0,7,2026
ALB,44.0,83.69,SOFT,10.0,18.0,7,2026
ALB,45.0,83.638,SOFT,11.0,18.0,7,2026
ALB,46.0,85.518,SOFT,12.0,18.0,7,2026
ALB,47.0,84.152,SOFT,13.0,18.0,7,2026
ALB,48.0,83.85,SOFT,14.0,18.0,7,2026
ALB,49.0,84.407,SOFT,15.0,18.0,7,2026
ALB,50.0,88.162,SOFT,16.0,18.0,7,2026
ALB,54.0,81.744,SOFT,7.0,18.0,7,2026
ALB,55.0,83.588,SOFT,8.0,18.0,7,2026
HUL,1.0,90.923,SOFT,1.0,10.0,7,2026
HUL,2.0,83.447,SOFT,2.0,9.0,7,2026
HUL,3.0,84.0,SOFT,3.0,9.0,7,2026
HUL,4.0,83.806,SOFT,4.0,9.0,7,2026
HUL,5.0,84.387,SOFT,5.0,9.0,7,2026
HUL,6.0,85.236,SOFT,6.0,9.0,7,2026
HUL,7.0,85.328,SOFT,7.0,9.0,7,2026
HUL,8.0,85.106,SOFT,8.0,9.0,7,2026
HUL,9.0,85.099,SOFT,9.0,9.0,7,2026
HUL,10.0,85.451,SOFT,10.0,9.0,7,2026
HUL,11.0,85.387,SOFT,11.0,8.0,7,2026
HUL,12.0,85.745,SOFT,12.0,8.0,7,2026
HUL,13.0,89.911,SOFT,13.0,9.0,7,2026
HUL,15.0,84.779,HARD,2.0,13.0,7,2026
HUL,16.0,84.126,HARD,3.0,12.0,7,2026
HUL,17.0,84.467,HARD,4.0,12.0,7,2026
HUL,18.0,84.879,HARD,5.0,11.0,7,2026
HUL,19.0,83.954,HARD,6.0,11.0,7,2026
HUL,20.0,84.238,HARD,7.0,11.0,7,2026
HUL,21.0,84.071,HARD,8.0,11.0,7,2026
HUL,22.0,84.026,HARD,9.0,10.0,7,2026
HUL,23.0,84.338,HARD,10.0,10.0,7,2026
HUL,24.0,85.26,HARD,11.0,10.0,7,2026
HUL,25.0,84.607,HARD,12.0,10.0,7,2026
HUL,26.0,84.672,HARD,13.0,10.0,7,2026
HUL,27.0,84.773,HARD,14.0,10.0,7,2026
HUL,28.0,85.105,HARD,15.0,10.0,7,2026
HUL,29.0,95.736,HARD,16.0,12.0,7,2026
VER,1.0,87.92,SOFT,4.0,5.0,7,2026
VER,2.0,82.628,SOFT,5.0,5.0,7,2026
VER,3.0,82.734,SOFT,6.0,5.0,7,2026
VER,4.0,82.998,SOFT,7.0,5.0,7,2026
VER,5.0,83.029,SOFT,8.0,5.0,7,2026
VER,6.0,83.413,SOFT,9.0,5.0,7,2026
VER,7.0,83.343,SOFT,10.0,5.0,7,2026
VER,8.0,83.663,SOFT,11.0,5.0,7,2026
VER,9.0,83.969,SOFT,12.0,5.0,7,2026
VER,10.0,84.313,SOFT,13.0,5.0,7,2026
VER,11.0,84.177,SOFT,14.0,5.0,7,2026
VER,12.0,88.494,SOFT,15.0,6.0,7,2026
VER,13.0,101.097,MEDIUM,1.0,8.0,7,2026
VER,14.0,81.904,MEDIUM,2.0,7.0,7,2026
VER,15.0,81.917,MEDIUM,3.0,6.0,7,2026
VER,16.0,82.198,MEDIUM,4.0,6.0,7,2026
VER,17.0,82.32,MEDIUM,5.0,5.0,7,2026
VER,18.0,82.487,MEDIUM,6.0,5.0,7,2026
VER,19.0,82.523,MEDIUM,7.0,5.0,7,2026
VER,20.0,82.87,MEDIUM,8.0,5.0,7,2026
VER,21.0,82.877,MEDIUM,9.0,5.0,7,2026
VER,22.0,82.821,MEDIUM,10.0,5.0,7,2026
VER,23.0,82.807,MEDIUM,11.0,5.0,7,2026
VER,24.0,82.811,MEDIUM,12.0,5.0,7,2026
VER,25.0,83.054,MEDIUM,13.0,5.0,7,2026
VER,26.0,83.212,MEDIUM,14.0,5.0,7,2026
VER,27.0,83.483,MEDIUM,15.0,5.0,7,2026
VER,28.0,83.309,MEDIUM,16.0,4.0,7,2026
VER,29.0,87.242,MEDIUM,17.0,5.0,7,2026
VER,30.0,102.514,HARD,1.0,7.0,7,2026
VER,31.0,81.222,HARD,2.0,7.0,7,2026
VER,32.0,81.72,HARD,3.0,7.0,7,2026
VER,33.0,81.545,HARD,4.0,7.0,7,2026
VER,34.0,81.829,HARD,5.0,7.0,7,2026
VER,35.0,81.774,HARD,6.0,7.0,7,2026
VER,36.0,82.121,HARD,7.0,7.0,7,2026
VER,37.0,81.884,HARD,8.0,6.0,7,2026
VER,38.0,81.92,HARD,9.0,6.0,7,2026
VER,39.0,82.098,HARD,10.0,6.0,7,2026
VER,40.0,92.671,HARD,11.0,5.0,7,2026
VER,42.0,80.23,MEDIUM,2.0,5.0,7,2026
VER,43.0,80.534,MEDIUM,3.0,5.0,7,2026
VER,44.0,80.691,MEDIUM,4.0,5.0,7,2026
VER,45.0,80.781,MEDIUM,5.0,5.0,7,2026
VER,46.0,80.467,MEDIUM,6.0,5.0,7,2026
VER,47.0,80.85,MEDIUM,7.0,5.0,7,2026
VER,48.0,80.978,MEDIUM,8.0,5.0,7,2026
VER,49.0,81.104,MEDIUM,9.0,5.0,7,2026
VER,50.0,81.793,MEDIUM,10.0,5.0,7,2026
VER,51.0,81.284,MEDIUM,11.0,5.0,7,2026
VER,52.0,81.474,MEDIUM,12.0,5.0,7,2026
VER,53.0,81.252,MEDIUM,13.0,5.0,7,2026
VER,54.0,81.509,MEDIUM,14.0,5.0,7,2026
VER,55.0,81.551,MEDIUM,15.0,5.0,7,2026
VER,56.0,81.612,MEDIUM,16.0,5.0,7,2026
VER,57.0,81.505,MEDIUM,17.0,5.0,7,2026
VER,58.0,81.895,MEDIUM,18.0,5.0,7,2026
VER,59.0,82.069,MEDIUM,19.0,5.0,7,2026
VER,60.0,82.521,MEDIUM,20.0,5.0,7,2026
VER,61.0,82.511,MEDIUM,21.0,5.0,7,2026
VER,62.0,88.107,MEDIUM,22.0,4.0,7,2026
VER,65.0,83.474,MEDIUM,25.0,4.0,7,2026
VER,66.0,83.524,MEDIUM,26.0,4.0,7,2026
LAW,1.0,90.071,MEDIUM,1.0,8.0,7,2026
LAW,2.0,83.785,MEDIUM,2.0,8.0,7,2026
LAW,3.0,83.74,MEDIUM,3.0,8.0,7,2026
LAW,4.0,83.868,MEDIUM,4.0,8.0,7,2026
LAW,5.0,84.374,MEDIUM,5.0,8.0,7,2026
LAW,6.0,85.203,MEDIUM,6.0,8.0,7,2026
LAW,7.0,84.783,MEDIUM,7.0,8.0,7,2026
LAW,8.0,85.309,MEDIUM,8.0,8.0,7,2026
LAW,9.0,85.185,MEDIUM,9.0,8.0,7,2026
LAW,10.0,85.289,MEDIUM,10.0,8.0,7,2026
LAW,11.0,89.068,MEDIUM,11.0,10.0,7,2026
LAW,13.0,84.085,HARD,2.0,17.0,7,2026
LAW,14.0,84.87,HARD,3.0,14.0,7,2026
LAW,15.0,84.567,HARD,4.0,11.0,7,2026
LAW,16.0,84.406,HARD,5.0,10.0,7,2026
LAW,17.0,85.193,HARD,6.0,11.0,7,2026
LAW,18.0,85.328,HARD,7.0,10.0,7,2026
LAW,19.0,84.025,HARD,8.0,10.0,7,2026
LAW,20.0,84.07,HARD,9.0,10.0,7,2026
LAW,21.0,84.077,HARD,10.0,10.0,7,2026
LAW,22.0,84.326,HARD,11.0,9.0,7,2026
LAW,23.0,84.449,HARD,12.0,9.0,7,2026
LAW,24.0,85.03,HARD,13.0,9.0,7,2026
LAW,25.0,84.495,HARD,14.0,9.0,7,2026
LAW,26.0,84.941,HARD,15.0,9.0,7,2026
LAW,27.0,84.682,HARD,16.0,9.0,7,2026
LAW,28.0,84.888,HARD,17.0,9.0,7,2026
LAW,29.0,84.901,HARD,18.0,9.0,7,2026
LAW,30.0,85.033,HARD,19.0,9.0,7,2026
LAW,31.0,85.103,HARD,20.0,9.0,7,2026
LAW,32.0,85.134,HARD,21.0,9.0,7,2026
LAW,33.0,85.27,HARD,22.0,9.0,7,2026
LAW,34.0,85.306,HARD,23.0,9.0,7,2026
LAW,35.0,89.233,HARD,24.0,10.0,7,2026
LAW,37.0,86.413,HARD,2.0,12.0,7,2026
LAW,38.0,83.223,HARD,3.0,11.0,7,2026
LAW,39.0,90.459,HARD,4.0,11.0,7,2026
LAW,41.0,87.148,HARD,6.0,11.0,7,2026
LAW,42.0,82.964,HARD,7.0,11.0,7,2026
LAW,43.0,82.829,HARD,8.0,11.0,7,2026
LAW,44.0,82.886,HARD,9.0,11.0,7,2026
LAW,45.0,82.691,HARD,10.0,11.0,7,2026
LAW,46.0,82.708,HARD,11.0,11.0,7,2026
LAW,47.0,85.417,HARD,12.0,11.0,7,2026
LAW,48.0,83.166,HARD,13.0,11.0,7,2026
LAW,49.0,83.428,HARD,14.0,11.0,7,2026
LAW,50.0,83.455,HARD,15.0,11.0,7,2026
LAW,51.0,85.233,HARD,16.0,11.0,7,2026
LAW,52.0,83.668,HARD,17.0,11.0,7,2026
LAW,53.0,83.447,HARD,18.0,11.0,7,2026
LAW,54.0,83.643,HARD,19.0,11.0,7,2026
LAW,55.0,84.251,HARD,20.0,11.0,7,2026
LAW,56.0,83.904,HARD,21.0,11.0,7,2026
LAW,57.0,83.666,HARD,22.0,11.0,7,2026
LAW,58.0,83.586,HARD,23.0,11.0,7,2026
LAW,59.0,83.527,HARD,24.0,11.0,7,2026
LAW,60.0,83.625,HARD,25.0,11.0,7,2026
LAW,61.0,100.559,HARD,26.0,11.0,7,2026
LAW,63.0,97.267,HARD,28.0,9.0,7,2026
LAW,64.0,83.887,HARD,29.0,9.0,7,2026
LAW,65.0,84.661,HARD,30.0,9.0,7,2026
OCO,1.0,93.891,SOFT,1.0,16.0,7,2026
OCO,2.0,84.454,SOFT,2.0,15.0,7,2026
OCO,3.0,84.984,SOFT,3.0,15.0,7,2026
OCO,4.0,84.865,SOFT,4.0,15.0,7,2026
OCO,5.0,85.153,SOFT,5.0,15.0,7,2026
OCO,6.0,85.635,SOFT,6.0,15.0,7,2026
OCO,7.0,85.854,SOFT,7.0,15.0,7,2026
OCO,8.0,85.775,SOFT,8.0,15.0,7,2026
OCO,9.0,86.339,SOFT,9.0,15.0,7,2026
OCO,10.0,86.661,SOFT,10.0,15.0,7,2026
OCO,11.0,86.644,SOFT,11.0,15.0,7,2026
OCO,12.0,86.773,SOFT,12.0,14.0,7,2026
OCO,13.0,91.048,SOFT,13.0,15.0,7,2026
OCO,15.0,84.131,HARD,2.0,18.0,7,2026
OCO,16.0,84.675,HARD,3.0,16.0,7,2026
OCO,17.0,84.219,HARD,4.0,16.0,7,2026
OCO,18.0,84.304,HARD,5.0,16.0,7,2026
OCO,19.0,84.508,HARD,6.0,15.0,7,2026
OCO,20.0,84.786,HARD,7.0,15.0,7,2026
OCO,21.0,84.765,HARD,8.0,15.0,7,2026
OCO,22.0,84.981,HARD,9.0,15.0,7,2026
OCO,23.0,85.125,HARD,10.0,14.0,7,2026
OCO,24.0,86.361,HARD,11.0,15.0,7,2026
OCO,25.0,85.332,HARD,12.0,15.0,7,2026
OCO,26.0,86.423,HARD,13.0,16.0,7,2026
OCO,27.0,86.674,HARD,14.0,16.0,7,2026
OCO,28.0,87.143,HARD,15.0,16.0,7,2026
OCO,29.0,86.676,HARD,16.0,16.0,7,2026
OCO,30.0,86.566,HARD,17.0,16.0,7,2026
OCO,31.0,86.811,HARD,18.0,15.0,7,2026
OCO,32.0,87.222,HARD,19.0,15.0,7,2026
OCO,33.0,85.892,HARD,20.0,15.0,7,2026
OCO,34.0,91.087,HARD,21.0,15.0,7,2026
OCO,36.0,83.109,MEDIUM,2.0,16.0,7,2026
OCO,37.0,83.252,MEDIUM,3.0,16.0,7,2026
OCO,38.0,83.402,MEDIUM,4.0,16.0,7,2026
OCO,39.0,101.185,MEDIUM,5.0,16.0,7,2026
OCO,40.0,99.739,MEDIUM,6.0,16.0,7,2026
OCO,41.0,83.215,MEDIUM,7.0,16.0,7,2026
OCO,42.0,83.222,MEDIUM,8.0,16.0,7,2026
OCO,43.0,83.055,MEDIUM,9.0,16.0,7,2026
OCO,44.0,83.657,MEDIUM,10.0,16.0,7,2026
OCO,45.0,83.665,MEDIUM,11.0,16.0,7,2026
OCO,46.0,85.35,MEDIUM,12.0,16.0,7,2026
OCO,47.0,83.921,MEDIUM,13.0,16.0,7,2026
OCO,48.0,83.923,MEDIUM,14.0,16.0,7,2026
OCO,49.0,83.819,MEDIUM,15.0,16.0,7,2026
OCO,50.0,84.442,MEDIUM,16.0,16.0,7,2026
OCO,51.0,84.641,MEDIUM,17.0,16.0,7,2026
OCO,52.0,85.71,MEDIUM,18.0,16.0,7,2026
OCO,53.0,84.94,MEDIUM,19.0,16.0,7,2026
OCO,54.0,84.879,MEDIUM,20.0,15.0,7,2026
OCO,55.0,88.386,MEDIUM,21.0,15.0,7,2026
OCO,56.0,85.499,MEDIUM,22.0,15.0,7,2026
OCO,57.0,86.256,MEDIUM,23.0,16.0,7,2026
OCO,58.0,90.415,MEDIUM,24.0,16.0,7,2026
OCO,59.0,102.395,SOFT,1.0,16.0,7,2026
OCO,60.0,96.231,SOFT,2.0,16.0,7,2026
OCO,62.0,100.045,SOFT,4.0,14.0,7,2026
OCO,63.0,81.643,SOFT,5.0,13.0,7,2026
OCO,64.0,83.111,SOFT,6.0,13.0,7,2026
LIN,1.0,90.602,MEDIUM,1.0,9.0,7,2026
LIN,2.0,84.617,MEDIUM,2.0,10.0,7,2026
LIN,3.0,84.071,MEDIUM,3.0,10.0,7,2026
LIN,4.0,84.305,MEDIUM,4.0,10.0,7,2026
LIN,5.0,84.576,MEDIUM,5.0,10.0,7,2026
LIN,6.0,85.414,MEDIUM,6.0,10.0,7,2026
LIN,7.0,85.526,MEDIUM,7.0,10.0,7,2026
LIN,8.0,85.468,MEDIUM,8.0,10.0,7,2026
LIN,9.0,85.793,MEDIUM,9.0,10.0,7,2026
LIN,10.0,86.713,MEDIUM,10.0,11.0,7,2026
LIN,11.0,85.886,MEDIUM,11.0,11.0,7,2026
LIN,12.0,85.815,MEDIUM,12.0,10.0,7,2026
LIN,13.0,86.384,MEDIUM,13.0,10.0,7,2026
LIN,14.0,85.686,MEDIUM,14.0,9.0,7,2026
LIN,15.0,86.468,MEDIUM,15.0,9.0,7,2026
LIN,16.0,85.745,MEDIUM,16.0,8.0,7,2026
LIN,17.0,85.507,MEDIUM,17.0,8.0,7,2026
LIN,18.0,85.512,MEDIUM,18.0,8.0,7,2026
LIN,19.0,85.813,MEDIUM,19.0,8.0,7,2026
LIN,20.0,86.116,MEDIUM,20.0,8.0,7,2026
LIN,21.0,87.217,MEDIUM,21.0,9.0,7,2026
LIN,22.0,90.108,MEDIUM,22.0,11.0,7,2026
LIN,24.0,83.442,HARD,2.0,16.0,7,2026
LIN,25.0,84.875,HARD,3.0,16.0,7,2026
LIN,26.0,83.586,HARD,4.0,15.0,7,2026
LIN,27.0,83.707,HARD,5.0,15.0,7,2026
LIN,28.0,84.491,HARD,6.0,15.0,7,2026
LIN,29.0,88.373,HARD,7.0,15.0,7,2026
LIN,30.0,84.523,HARD,8.0,13.0,7,2026
LIN,31.0,84.347,HARD,9.0,12.0,7,2026
LIN,32.0,85.958,HARD,10.0,12.0,7,2026
LIN,33.0,84.264,HARD,11.0,12.0,7,2026
LIN,34.0,85.835,HARD,12.0,12.0,7,2026
LIN,35.0,84.255,HARD,13.0,11.0,7,2026
LIN,36.0,83.839,HARD,14.0,10.0,7,2026
LIN,37.0,87.334,HARD,15.0,10.0,7,2026
LIN,39.0,94.447,HARD,2.0,14.0,7,2026
LIN,41.0,84.998,HARD,4.0,13.0,7,2026
LIN,42.0,82.685,HARD,5.0,13.0,7,2026
LIN,43.0,84.13,HARD,6.0,13.0,7,2026
LIN,44.0,82.665,HARD,7.0,13.0,7,2026
LIN,45.0,81.914,HARD,8.0,12.0,7,2026
LIN,46.0,82.299,HARD,9.0,12.0,7,2026
LIN,47.0,82.528,HARD,10.0,12.0,7,2026
LIN,48.0,82.441,HARD,11.0,12.0,7,2026
LIN,49.0,83.003,HARD,12.0,12.0,7,2026
LIN,50.0,83.068,HARD,13.0,12.0,7,2026
LIN,51.0,83.112,HARD,14.0,12.0,7,2026
LIN,52.0,82.969,HARD,15.0,12.0,7,2026
LIN,53.0,82.941,HARD,16.0,12.0,7,2026
LIN,54.0,83.173,HARD,17.0,12.0,7,2026
LIN,55.0,83.922,HARD,18.0,12.0,7,2026
LIN,56.0,83.861,HARD,19.0,12.0,7,2026
LIN,57.0,83.615,HARD,20.0,12.0,7,2026
LIN,58.0,83.555,HARD,21.0,12.0,7,2026
LIN,59.0,83.687,HARD,22.0,12.0,7,2026
LIN,60.0,83.913,HARD,23.0,12.0,7,2026
LIN,61.0,100.132,HARD,24.0,12.0,7,2026
LIN,63.0,97.018,HARD,26.0,10.0,7,2026
LIN,64.0,83.373,HARD,27.0,10.0,7,2026
LIN,65.0,83.049,HARD,28.0,10.0,7,2026
COL,1.0,91.45,SOFT,1.0,11.0,7,2026
COL,2.0,84.26,SOFT,2.0,11.0,7,2026
COL,3.0,84.36,SOFT,3.0,11.0,7,2026
COL,4.0,84.397,SOFT,4.0,11.0,7,2026
COL,5.0,84.909,SOFT,5.0,11.0,7,2026
COL,6.0,84.948,SOFT,6.0,11.0,7,2026
COL,7.0,86.439,SOFT,7.0,12.0,7,2026
COL,8.0,85.561,SOFT,8.0,12.0,7,2026
COL,9.0,86.184,SOFT,9.0,12.0,7,2026
COL,10.0,86.102,SOFT,10.0,12.0,7,2026
COL,11.0,85.71,SOFT,11.0,12.0,7,2026
COL,12.0,89.443,SOFT,12.0,12.0,7,2026
COL,14.0,83.746,HARD,2.0,16.0,7,2026
COL,15.0,83.766,HARD,3.0,14.0,7,2026
COL,16.0,84.335,HARD,4.0,13.0,7,2026
COL,17.0,84.333,HARD,5.0,13.0,7,2026
COL,18.0,84.065,HARD,6.0,12.0,7,2026
COL,19.0,85.623,HARD,7.0,13.0,7,2026
COL,20.0,84.417,HARD,8.0,13.0,7,2026
COL,21.0,84.097,HARD,9.0,13.0,7,2026
COL,22.0,84.176,HARD,10.0,13.0,7,2026
COL,23.0,84.469,HARD,11.0,12.0,7,2026
COL,24.0,85.027,HARD,12.0,12.0,7,2026
COL,25.0,84.908,HARD,13.0,12.0,7,2026
COL,26.0,84.961,HARD,14.0,12.0,7,2026
COL,27.0,84.492,HARD,15.0,12.0,7,2026
COL,28.0,84.582,HARD,16.0,12.0,7,2026
COL,29.0,84.374,HARD,17.0,11.0,7,2026
COL,30.0,84.336,HARD,18.0,11.0,7,2026
COL,31.0,84.641,HARD,19.0,11.0,7,2026
COL,32.0,84.743,HARD,20.0,11.0,7,2026
COL,33.0,85.632,HARD,21.0,11.0,7,2026
COL,34.0,88.651,HARD,22.0,11.0,7,2026
COL,35.0,102.632,HARD,1.0,12.0,7,2026
COL,36.0,83.197,HARD,2.0,11.0,7,2026
COL,37.0,83.54,HARD,3.0,11.0,7,2026
COL,38.0,85.911,HARD,4.0,10.0,7,2026
COL,39.0,90.454,HARD,5.0,10.0,7,2026
COL,41.0,86.845,HARD,7.0,10.0,7,2026
COL,42.0,82.652,HARD,8.0,10.0,7,2026
COL,43.0,82.449,HARD,9.0,10.0,7,2026
COL,44.0,82.509,HARD,10.0,10.0,7,2026
COL,45.0,82.682,HARD,11.0,10.0,7,2026
COL,46.0,83.113,HARD,12.0,10.0,7,2026
COL,47.0,83.321,HARD,13.0,10.0,7,2026
COL,48.0,83.804,HARD,14.0,10.0,7,2026
COL,49.0,86.127,HARD,15.0,10.0,7,2026
COL,50.0,83.737,HARD,16.0,10.0,7,2026
COL,51.0,83.535,HARD,17.0,10.0,7,2026
COL,52.0,83.784,HARD,18.0,10.0,7,2026
COL,53.0,85.14,HARD,19.0,10.0,7,2026
COL,54.0,83.87,HARD,20.0,10.0,7,2026
COL,55.0,83.93,HARD,21.0,10.0,7,2026
COL,56.0,83.686,HARD,22.0,10.0,7,2026
COL,57.0,83.489,HARD,23.0,10.0,7,2026
COL,58.0,83.571,HARD,24.0,10.0,7,2026
COL,59.0,83.639,HARD,25.0,10.0,7,2026
COL,60.0,84.007,HARD,26.0,10.0,7,2026
COL,61.0,100.235,HARD,27.0,10.0,7,2026
COL,63.0,98.332,HARD,29.0,8.0,7,2026
COL,64.0,84.152,HARD,30.0,8.0,7,2026
COL,65.0,84.264,HARD,31.0,8.0,7,2026
HAM,1.0,85.639,SOFT,3.0,2.0,7,2026
HAM,2.0,81.71,SOFT,4.0,2.0,7,2026
HAM,3.0,82.07,SOFT,5.0,2.0,7,2026
HAM,4.0,82.579,SOFT,6.0,2.0,7,2026
HAM,5.0,82.302,SOFT,7.0,2.0,7,2026
HAM,6.0,82.89,SOFT,8.0,2.0,7,2026
HAM,7.0,82.937,SOFT,9.0,2.0,7,2026
HAM,8.0,83.351,SOFT,10.0,2.0,7,2026
HAM,9.0,83.462,SOFT,11.0,2.0,7,2026
HAM,10.0,83.576,SOFT,12.0,2.0,7,2026
HAM,11.0,87.828,SOFT,13.0,4.0,7,2026
HAM,12.0,100.8,HARD,1.0,7.0,7,2026
HAM,13.0,81.433,HARD,2.0,6.0,7,2026
HAM,14.0,82.075,HARD,3.0,5.0,7,2026
HAM,15.0,81.911,HARD,4.0,3.0,7,2026
HAM,16.0,82.151,HARD,5.0,3.0,7,2026
HAM,17.0,82.001,HARD,6.0,2.0,7,2026
HAM,18.0,82.165,HARD,7.0,2.0,7,2026
HAM,19.0,82.464,HARD,8.0,2.0,7,2026
HAM,20.0,82.618,HARD,9.0,2.0,7,2026
HAM,21.0,82.728,HARD,10.0,2.0,7,2026
HAM,22.0,82.891,HARD,11.0,2.0,7,2026
HAM,23.0,82.926,HARD,12.0,2.0,7,2026
HAM,24.0,82.889,HARD,13.0,2.0,7,2026
HAM,25.0,83.265,HARD,14.0,2.0,7,2026
HAM,26.0,83.331,HARD,15.0,2.0,7,2026
HAM,27.0,87.024,HARD,16.0,4.0,7,2026
HAM,28.0,99.857,MEDIUM,1.0,7.0,7,2026
HAM,29.0,80.633,MEDIUM,2.0,6.0,7,2026
HAM,30.0,80.91,MEDIUM,3.0,5.0,7,2026
HAM,31.0,80.725,MEDIUM,4.0,5.0,7,2026
HAM,32.0,80.855,MEDIUM,5.0,4.0,7,2026
HAM,33.0,81.077,MEDIUM,6.0,4.0,7,2026
HAM,34.0,80.954,MEDIUM,7.0,4.0,7,2026
HAM,35.0,81.151,MEDIUM,8.0,3.0,7,2026
HAM,36.0,81.227,MEDIUM,9.0,3.0,7,2026
HAM,37.0,80.979,MEDIUM,10.0,2.0,7,2026
HAM,38.0,81.36,MEDIUM,11.0,1.0,7,2026
HAM,39.0,81.859,MEDIUM,12.0,1.0,7,2026
HAM,40.0,81.679,MEDIUM,13.0,1.0,7,2026
HAM,42.0,101.055,HARD,1.0,1.0,7,2026
HAM,43.0,80.314,HARD,2.0,1.0,7,2026
HAM,44.0,80.122,HARD,3.0,1.0,7,2026
HAM,45.0,80.129,HARD,4.0,1.0,7,2026
HAM,46.0,80.369,HARD,5.0,1.0,7,2026
HAM,47.0,80.182,HARD,6.0,1.0,7,2026
HAM,48.0,80.313,HARD,7.0,1.0,7,2026
HAM,49.0,80.88,HARD,8.0,1.0,7,2026
HAM,50.0,80.293,HARD,9.0,1.0,7,2026
HAM,51.0,80.987,HARD,10.0,1.0,7,2026
HAM,52.0,80.771,HARD,11.0,1.0,7,2026
HAM,53.0,81.266,HARD,12.0,1.0,7,2026
HAM,54.0,80.98,HARD,13.0,1.0,7,2026
HAM,55.0,81.064,HARD,14.0,1.0,7,2026
HAM,56.0,81.083,HARD,15.0,1.0,7,2026
HAM,57.0,81.413,HARD,16.0,1.0,7,2026
HAM,58.0,81.502,HARD,17.0,1.0,7,2026
HAM,59.0,81.111,HARD,18.0,1.0,7,2026
HAM,60.0,81.17,HARD,19.0,1.0,7,2026
HAM,61.0,81.406,HARD,20.0,1.0,7,2026
HAM,62.0,81.374,HARD,21.0,1.0,7,2026
HAM,63.0,103.064,HARD,22.0,1.0,7,2026
HAM,65.0,92.659,HARD,24.0,1.0,7,2026
HAM,66.0,82.105,HARD,25.0,1.0,7,2026
BOR,1.0,94.169,MEDIUM,1.0,17.0,7,2026
BOR,2.0,85.022,MEDIUM,2.0,17.0,7,2026
BOR,3.0,85.078,MEDIUM,3.0,17.0,7,2026
BOR,4.0,85.113,MEDIUM,4.0,17.0,7,2026
BOR,5.0,85.442,MEDIUM,5.0,17.0,7,2026
BOR,6.0,85.548,MEDIUM,6.0,17.0,7,2026
BOR,7.0,86.224,MEDIUM,7.0,17.0,7,2026
BOR,8.0,86.347,MEDIUM,8.0,17.0,7,2026
BOR,9.0,86.301,MEDIUM,9.0,17.0,7,2026
BOR,10.0,86.426,MEDIUM,10.0,17.0,7,2026
BOR,11.0,86.6,MEDIUM,11.0,17.0,7,2026
BOR,12.0,86.792,MEDIUM,12.0,16.0,7,2026
BOR,13.0,86.799,MEDIUM,13.0,14.0,7,2026
BOR,14.0,86.526,MEDIUM,14.0,13.0,7,2026
BOR,15.0,89.806,MEDIUM,15.0,12.0,7,2026
BOR,17.0,83.47,HARD,2.0,18.0,7,2026
BOR,18.0,83.923,HARD,3.0,17.0,7,2026
BOR,19.0,83.551,HARD,4.0,16.0,7,2026
BOR,20.0,84.068,HARD,5.0,16.0,7,2026
BOR,21.0,83.836,HARD,6.0,16.0,7,2026
BOR,22.0,83.914,HARD,7.0,16.0,7,2026
BOR,23.0,84.725,HARD,8.0,15.0,7,2026
BOR,24.0,84.069,HARD,9.0,14.0,7,2026
BOR,25.0,84.199,HARD,10.0,14.0,7,2026
BOR,26.0,84.917,HARD,11.0,14.0,7,2026
BOR,27.0,84.594,HARD,12.0,14.0,7,2026
BOR,28.0,85.18,HARD,13.0,14.0,7,2026
BOR,29.0,85.753,HARD,14.0,14.0,7,2026
BOR,30.0,87.066,HARD,15.0,12.0,7,2026
BOR,31.0,87.453,HARD,16.0,13.0,7,2026
BOR,32.0,85.977,HARD,17.0,13.0,7,2026
BOR,33.0,89.825,HARD,18.0,14.0,7,2026
BOR,35.0,83.639,HARD,2.0,15.0,7,2026
BOR,36.0,83.784,HARD,3.0,15.0,7,2026
BOR,37.0,83.566,HARD,4.0,15.0,7,2026
BOR,38.0,84.176,HARD,5.0,15.0,7,2026
BOR,39.0,97.964,HARD,6.0,15.0,7,2026
BOR,41.0,82.925,HARD,8.0,14.0,7,2026
BOR,42.0,84.641,HARD,9.0,14.0,7,2026
BOR,43.0,82.559,HARD,10.0,14.0,7,2026
BOR,44.0,82.815,HARD,11.0,14.0,7,2026
BOR,45.0,83.219,HARD,12.0,14.0,7,2026
BOR,46.0,83.617,HARD,13.0,14.0,7,2026
BOR,47.0,84.19,HARD,14.0,14.0,7,2026
BOR,48.0,85.522,HARD,15.0,15.0,7,2026
BOR,49.0,84.586,HARD,16.0,15.0,7,2026
BOR,50.0,84.157,HARD,17.0,15.0,7,2026
BOR,51.0,83.978,HARD,18.0,15.0,7,2026
BOR,52.0,84.094,HARD,19.0,15.0,7,2026
BOR,53.0,88.318,HARD,20.0,15.0,7,2026
BOR,55.0,81.446,SOFT,2.0,16.0,7,2026
BOR,56.0,82.781,SOFT,3.0,14.0,7,2026
BOR,57.0,81.53,SOFT,4.0,14.0,7,2026
BOR,58.0,82.191,SOFT,5.0,14.0,7,2026
BOR,59.0,82.545,SOFT,6.0,14.0,7,2026
BOR,60.0,83.029,SOFT,7.0,13.0,7,2026
BOR,63.0,87.099,SOFT,10.0,11.0,7,2026
BOR,64.0,81.984,SOFT,11.0,11.0,7,2026
SAI,1.0,92.484,SOFT,1.0,13.0,7,2026
SAI,2.0,84.786,SOFT,2.0,13.0,7,2026
SAI,3.0,85.319,SOFT,3.0,14.0,7,2026
SAI,4.0,84.723,SOFT,4.0,14.0,7,2026
SAI,5.0,84.999,SOFT,5.0,14.0,7,2026
SAI,6.0,85.278,SOFT,6.0,14.0,7,2026
SAI,7.0,85.568,SOFT,7.0,14.0,7,2026
SAI,8.0,85.756,SOFT,8.0,14.0,7,2026
SAI,9.0,86.116,SOFT,9.0,14.0,7,2026
SAI,10.0,86.141,SOFT,10.0,14.0,7,2026
SAI,11.0,86.396,SOFT,11.0,14.0,7,2026
SAI,12.0,86.335,SOFT,12.0,13.0,7,2026
SAI,13.0,86.28,SOFT,13.0,12.0,7,2026
SAI,14.0,89.888,SOFT,14.0,11.0,7,2026
SAI,16.0,84.098,HARD,2.0,15.0,7,2026
SAI,17.0,84.437,HARD,3.0,15.0,7,2026
SAI,18.0,84.198,HARD,4.0,15.0,7,2026
SAI,19.0,84.261,HARD,5.0,14.0,7,2026
SAI,20.0,84.41,HARD,6.0,14.0,7,2026
SAI,21.0,84.599,HARD,7.0,14.0,7,2026
SAI,22.0,84.847,HARD,8.0,14.0,7,2026
SAI,23.0,84.723,HARD,9.0,13.0,7,2026
SAI,24.0,85.043,HARD,10.0,13.0,7,2026
SAI,25.0,85.02,HARD,11.0,13.0,7,2026
SAI,26.0,85.483,HARD,12.0,13.0,7,2026
SAI,27.0,85.102,HARD,13.0,13.0,7,2026
SAI,28.0,85.724,HARD,14.0,13.0,7,2026
SAI,29.0,85.353,HARD,15.0,13.0,7,2026
SAI,30.0,88.745,HARD,16.0,14.0,7,2026
SAI,32.0,83.619,HARD,2.0,16.0,7,2026
SAI,33.0,83.969,HARD,3.0,16.0,7,2026
SAI,34.0,84.493,HARD,4.0,14.0,7,2026
SAI,35.0,86.235,HARD,5.0,14.0,7,2026
SAI,36.0,83.949,HARD,6.0,14.0,7,2026
SAI,37.0,83.996,HARD,7.0,14.0,7,2026
SAI,38.0,84.183,HARD,8.0,13.0,7,2026
SAI,39.0,94.947,HARD,9.0,13.0,7,2026
SAI,41.0,83.898,HARD,11.0,12.0,7,2026
SAI,42.0,85.678,HARD,12.0,12.0,7,2026
SAI,43.0,83.482,HARD,13.0,12.0,7,2026
SAI,44.0,84.72,HARD,14.0,12.0,7,2026
SAI,45.0,84.968,HARD,15.0,13.0,7,2026
SAI,46.0,83.956,HARD,16.0,13.0,7,2026
SAI,47.0,83.703,HARD,17.0,13.0,7,2026
SAI,48.0,83.73,HARD,18.0,13.0,7,2026
SAI,49.0,84.218,HARD,19.0,13.0,7,2026
SAI,50.0,84.218,HARD,20.0,13.0,7,2026
SAI,51.0,84.078,HARD,21.0,13.0,7,2026
SAI,52.0,84.526,HARD,22.0,13.0,7,2026
SAI,53.0,84.493,HARD,23.0,13.0,7,2026
SAI,54.0,84.581,HARD,24.0,13.0,7,2026
SAI,55.0,89.059,HARD,25.0,14.0,7,2026
SAI,57.0,82.28,MEDIUM,2.0,15.0,7,2026
SAI,58.0,82.061,MEDIUM,3.0,15.0,7,2026
SAI,59.0,82.255,MEDIUM,4.0,15.0,7,2026
SAI,60.0,87.57,MEDIUM,5.0,14.0,7,2026
SAI,63.0,84.807,MEDIUM,8.0,12.0,7,2026
SAI,64.0,82.45,MEDIUM,9.0,12.0,7,2026
HAD,1.0,93.015,MEDIUM,1.0,14.0,7,2026
HAD,2.0,84.536,MEDIUM,2.0,14.0,7,2026
HAD,3.0,83.843,MEDIUM,3.0,13.0,7,2026
HAD,4.0,84.407,MEDIUM,4.0,13.0,7,2026
HAD,5.0,84.798,MEDIUM,5.0,13.0,7,2026
HAD,6.0,84.499,MEDIUM,6.0,12.0,7,2026
HAD,7.0,84.577,MEDIUM,7.0,11.0,7,2026
HAD,8.0,85.342,MEDIUM,8.0,11.0,7,2026
HAD,9.0,85.914,MEDIUM,9.0,11.0,7,2026
HAD,10.0,84.509,MEDIUM,10.0,10.0,7,2026
HAD,11.0,84.531,MEDIUM,11.0,9.0,7,2026
HAD,12.0,85.087,MEDIUM,12.0,9.0,7,2026
HAD,13.0,85.071,MEDIUM,13.0,7.0,7,2026
HAD,14.0,85.294,MEDIUM,14.0,8.0,7,2026
HAD,15.0,88.08,MEDIUM,15.0,7.0,7,2026
HAD,16.0,102.237,HARD,1.0,11.0,7,2026
HAD,17.0,82.786,HARD,2.0,9.0,7,2026
HAD,18.0,81.835,HARD,3.0,9.0,7,2026
HAD,19.0,82.223,HARD,4.0,9.0,7,2026
HAD,20.0,83.578,HARD,5.0,9.0,7,2026
HAD,21.0,82.92,HARD,6.0,8.0,7,2026
HAD,22.0,82.778,HARD,7.0,8.0,7,2026
HAD,23.0,82.951,HARD,8.0,8.0,7,2026
HAD,24.0,82.994,HARD,9.0,8.0,7,2026
HAD,25.0,83.272,HARD,10.0,8.0,7,2026
HAD,26.0,83.259,HARD,11.0,8.0,7,2026
HAD,27.0,83.282,HARD,12.0,8.0,7,2026
HAD,28.0,83.703,HARD,13.0,8.0,7,2026
HAD,29.0,83.758,HARD,14.0,8.0,7,2026
HAD,30.0,84.178,HARD,15.0,8.0,7,2026
HAD,31.0,84.568,HARD,16.0,8.0,7,2026
HAD,32.0,87.725,HARD,17.0,8.0,7,2026
HAD,33.0,101.002,HARD,1.0,8.0,7,2026
HAD,34.0,81.14,HARD,2.0,8.0,7,2026
HAD,35.0,81.996,HARD,3.0,8.0,7,2026
HAD,36.0,82.229,HARD,4.0,8.0,7,2026
HAD,37.0,82.139,HARD,5.0,8.0,7,2026
HAD,38.0,82.099,HARD,6.0,8.0,7,2026
HAD,39.0,82.056,HARD,7.0,8.0,7,2026
HAD,40.0,103.056,HARD,8.0,8.0,7,2026
HAD,41.0,97.117,HARD,9.0,8.0,7,2026
HAD,42.0,82.585,HARD,10.0,8.0,7,2026
HAD,43.0,82.182,HARD,11.0,8.0,7,2026
HAD,44.0,82.316,HARD,12.0,8.0,7,2026
HAD,45.0,82.312,HARD,13.0,8.0,7,2026
HAD,46.0,82.426,HARD,14.0,8.0,7,2026
HAD,47.0,82.544,HARD,15.0,8.0,7,2026
HAD,48.0,82.002,HARD,16.0,8.0,7,2026
HAD,49.0,82.477,HARD,17.0,8.0,7,2026
HAD,50.0,82.354,HARD,18.0,8.0,7,2026
HAD,51.0,82.652,HARD,19.0,8.0,7,2026
HAD,52.0,83.064,HARD,20.0,8.0,7,2026
HAD,53.0,82.819,HARD,21.0,8.0,7,2026
HAD,54.0,82.972,HARD,22.0,8.0,7,2026
HAD,55.0,83.002,HARD,23.0,8.0,7,2026
HAD,56.0,84.062,HARD,24.0,8.0,7,2026
HAD,57.0,84.882,HARD,25.0,8.0,7,2026
HAD,58.0,87.778,HARD,26.0,8.0,7,2026
HAD,59.0,100.329,SOFT,4.0,8.0,7,2026
HAD,60.0,80.15,SOFT,5.0,8.0,7,2026
HAD,61.0,84.651,SOFT,6.0,8.0,7,2026
HAD,64.0,83.518,SOFT,9.0,6.0,7,2026
HAD,65.0,81.114,SOFT,10.0,6.0,7,2026
RUS,1.0,84.418,MEDIUM,1.0,1.0,7,2026
RUS,2.0,81.513,MEDIUM,2.0,1.0,7,2026
RUS,3.0,81.479,MEDIUM,3.0,1.0,7,2026
RUS,4.0,82.044,MEDIUM,4.0,1.0,7,2026
RUS,5.0,82.427,MEDIUM,5.0,1.0,7,2026
RUS,6.0,82.473,MEDIUM,6.0,1.0,7,2026
RUS,7.0,82.687,MEDIUM,7.0,1.0,7,2026
RUS,8.0,83.253,MEDIUM,8.0,1.0,7,2026
RUS,9.0,83.198,MEDIUM,9.0,1.0,7,2026
RUS,10.0,83.51,MEDIUM,10.0,1.0,7,2026
RUS,11.0,83.701,MEDIUM,11.0,1.0,7,2026
RUS,12.0,87.454,MEDIUM,12.0,1.0,7,2026
RUS,13.0,100.974,HARD,1.0,5.0,7,2026
RUS,14.0,81.79,HARD,2.0,3.0,7,2026
RUS,15.0,81.972,HARD,3.0,2.0,7,2026
RUS,16.0,82.161,HARD,4.0,1.0,7,2026
RUS,17.0,81.766,HARD,5.0,1.0,7,2026
RUS,18.0,82.103,HARD,6.0,1.0,7,2026
RUS,19.0,82.446,HARD,7.0,1.0,7,2026
RUS,20.0,82.513,HARD,8.0,1.0,7,2026
RUS,21.0,82.556,HARD,9.0,1.0,7,2026
RUS,22.0,82.725,HARD,10.0,1.0,7,2026
RUS,23.0,83.254,HARD,11.0,1.0,7,2026
RUS,24.0,82.803,HARD,12.0,1.0,7,2026
RUS,25.0,83.026,HARD,13.0,1.0,7,2026
RUS,26.0,82.908,HARD,14.0,1.0,7,2026
RUS,27.0,83.144,HARD,15.0,1.0,7,2026
RUS,28.0,83.176,HARD,16.0,1.0,7,2026
RUS,29.0,83.208,HARD,17.0,1.0,7,2026
RUS,30.0,83.647,HARD,18.0,1.0,7,2026
RUS,31.0,83.325,HARD,19.0,1.0,7,2026
RUS,32.0,82.884,HARD,20.0,1.0,7,2026
RUS,33.0,83.437,HARD,21.0,1.0,7,2026
RUS,34.0,82.649,HARD,22.0,1.0,7,2026
RUS,35.0,82.921,HARD,23.0,1.0,7,2026
RUS,36.0,87.737,HARD,24.0,2.0,7,2026
RUS,37.0,99.632,HARD,1.0,4.0,7,2026
RUS,38.0,80.709,HARD,2.0,3.0,7,2026
RUS,39.0,81.179,HARD,3.0,2.0,7,2026
RUS,40.0,88.216,HARD,4.0,2.0,7,2026
RUS,42.0,86.031,HARD,6.0,2.0,7,2026
RUS,43.0,80.64,HARD,7.0,2.0,7,2026
RUS,44.0,80.821,HARD,8.0,2.0,7,2026
RUS,45.0,80.74,HARD,9.0,2.0,7,2026
RUS,46.0,80.739,HARD,10.0,2.0,7,2026
RUS,47.0,80.933,HARD,11.0,2.0,7,2026
RUS,48.0,81.267,HARD,12.0,2.0,7,2026
RUS,49.0,81.322,HARD,13.0,2.0,7,2026
RUS,50.0,81.522,HARD,14.0,2.0,7,2026
RUS,51.0,81.628,HARD,15.0,2.0,7,2026
RUS,52.0,81.652,HARD,16.0,2.0,7,2026
RUS,53.0,81.864,HARD,17.0,2.0,7,2026
RUS,54.0,81.459,HARD,18.0,2.0,7,2026
RUS,55.0,81.529,HARD,19.0,2.0,7,2026
RUS,56.0,82.07,HARD,20.0,2.0,7,2026
RUS,57.0,82.072,HARD,21.0,2.0,7,2026
RUS,58.0,81.946,HARD,22.0,2.0,7,2026
RUS,59.0,82.271,HARD,23.0,2.0,7,2026
RUS,60.0,82.186,HARD,24.0,2.0,7,2026
RUS,61.0,84.562,HARD,25.0,3.0,7,2026
RUS,62.0,82.48,HARD,26.0,2.0,7,2026
RUS,65.0,87.127,HARD,29.0,2.0,7,2026
RUS,66.0,82.322,HARD,30.0,2.0,7,2026
BOT,1.0,95.407,MEDIUM,1.0,20.0,7,2026
BOT,2.0,86.038,MEDIUM,2.0,20.0,7,2026
BOT,3.0,85.745,MEDIUM,3.0,20.0,7,2026
BOT,4.0,86.254,MEDIUM,4.0,20.0,7,2026
BOT,5.0,86.543,MEDIUM,5.0,20.0,7,2026
BOT,6.0,86.66,MEDIUM,6.0,20.0,7,2026
BOT,7.0,86.681,MEDIUM,7.0,20.0,7,2026
BOT,8.0,87.17,MEDIUM,8.0,20.0,7,2026
BOT,9.0,87.746,MEDIUM,9.0,20.0,7,2026
BOT,10.0,87.968,MEDIUM,10.0,20.0,7,2026
BOT,11.0,88.045,MEDIUM,11.0,20.0,7,2026
BOT,12.0,89.432,MEDIUM,12.0,21.0,7,2026
BOT,13.0,88.393,MEDIUM,13.0,20.0,7,2026
BOT,14.0,92.208,MEDIUM,14.0,19.0,7,2026
PIA,1.0,88.57,MEDIUM,1.0,6.0,7,2026
PIA,2.0,82.673,MEDIUM,2.0,6.0,7,2026
PIA,3.0,82.94,MEDIUM,3.0,6.0,7,2026
PIA,4.0,83.054,MEDIUM,4.0,6.0,7,2026
PIA,5.0,83.242,MEDIUM,5.0,6.0,7,2026
PIA,6.0,83.298,MEDIUM,6.0,6.0,7,2026
PIA,7.0,83.569,MEDIUM,7.0,6.0,7,2026
PIA,8.0,85.507,MEDIUM,8.0,7.0,7,2026
PIA,9.0,84.548,MEDIUM,9.0,7.0,7,2026
PIA,10.0,84.401,MEDIUM,10.0,7.0,7,2026
PIA,11.0,84.097,MEDIUM,11.0,7.0,7,2026
PIA,12.0,84.117,MEDIUM,12.0,5.0,7,2026
PIA,13.0,83.999,MEDIUM,13.0,4.0,7,2026
PIA,14.0,88.542,MEDIUM,14.0,4.0,7,2026
PIA,15.0,102.741,HARD,1.0,8.0,7,2026
PIA,16.0,82.541,HARD,2.0,7.0,7,2026
PIA,17.0,82.229,HARD,3.0,7.0,7,2026
PIA,18.0,82.269,HARD,4.0,7.0,7,2026
PIA,19.0,82.262,HARD,5.0,7.0,7,2026
PIA,20.0,82.449,HARD,6.0,7.0,7,2026
PIA,21.0,82.858,HARD,7.0,7.0,7,2026
PIA,22.0,82.937,HARD,8.0,7.0,7,2026
PIA,23.0,82.898,HARD,9.0,7.0,7,2026
PIA,24.0,82.907,HARD,10.0,7.0,7,2026
PIA,25.0,83.038,HARD,11.0,7.0,7,2026
PIA,26.0,82.771,HARD,12.0,7.0,7,2026
PIA,27.0,82.851,HARD,13.0,7.0,7,2026
PIA,28.0,83.283,HARD,14.0,6.0,7,2026
PIA,29.0,83.674,HARD,15.0,7.0,7,2026
PIA,30.0,83.608,HARD,16.0,6.0,7,2026
PIA,31.0,83.345,HARD,17.0,6.0,7,2026
PIA,32.0,83.833,HARD,18.0,6.0,7,2026
PIA,33.0,83.0,HARD,19.0,6.0,7,2026
PIA,34.0,83.037,HARD,20.0,6.0,7,2026
PIA,35.0,83.444,HARD,21.0,6.0,7,2026
PIA,36.0,86.917,HARD,22.0,6.0,7,2026
PIA,37.0,102.367,HARD,1.0,7.0,7,2026
PIA,38.0,82.113,HARD,2.0,7.0,7,2026
PIA,39.0,82.073,HARD,3.0,7.0,7,2026
PIA,40.0,96.647,HARD,4.0,7.0,7,2026
PIA,41.0,102.962,HARD,5.0,7.0,7,2026
PIA,42.0,81.086,HARD,6.0,7.0,7,2026
PIA,43.0,80.974,HARD,7.0,7.0,7,2026
PIA,44.0,81.203,HARD,8.0,7.0,7,2026
PIA,45.0,80.939,HARD,9.0,7.0,7,2026
PIA,46.0,80.835,HARD,10.0,7.0,7,2026
PIA,47.0,80.994,HARD,11.0,7.0,7,2026
PIA,48.0,81.299,HARD,12.0,7.0,7,2026
PIA,49.0,81.147,HARD,13.0,7.0,7,2026
PIA,50.0,82.849,HARD,14.0,7.0,7,2026
PIA,51.0,81.904,HARD,15.0,7.0,7,2026
PIA,52.0,82.366,HARD,16.0,7.0,7,2026
PIA,53.0,82.042,HARD,17.0,7.0,7,2026
PIA,54.0,82.292,HARD,18.0,7.0,7,2026
PIA,55.0,82.369,HARD,19.0,7.0,7,2026
PIA,56.0,82.139,HARD,20.0,7.0,7,2026
PIA,57.0,82.169,HARD,21.0,7.0,7,2026
PIA,58.0,82.723,HARD,22.0,7.0,7,2026
PIA,59.0,83.228,HARD,23.0,7.0,7,2026
PIA,60.0,82.546,HARD,24.0,7.0,7,2026
PIA,61.0,82.671,HARD,25.0,7.0,7,2026
PIA,62.0,96.112,HARD,26.0,5.0,7,2026
PIA,64.0,100.758,HARD,28.0,5.0,7,2026
PIA,65.0,83.332,HARD,29.0,5.0,7,2026
PIA,66.0,83.166,HARD,30.0,5.0,7,2026
BEA,1.0,93.669,MEDIUM,1.0,15.0,7,2026
BEA,2.0,85.184,MEDIUM,2.0,16.0,7,2026
BEA,3.0,84.941,MEDIUM,3.0,16.0,7,2026
BEA,4.0,85.086,MEDIUM,4.0,16.0,7,2026
BEA,5.0,85.215,MEDIUM,5.0,16.0,7,2026
BEA,6.0,85.592,MEDIUM,6.0,16.0,7,2026
BEA,7.0,86.101,MEDIUM,7.0,16.0,7,2026
BEA,8.0,86.127,MEDIUM,8.0,16.0,7,2026
BEA,9.0,86.321,MEDIUM,9.0,16.0,7,2026
BEA,10.0,86.505,MEDIUM,10.0,16.0,7,2026
BEA,11.0,86.654,MEDIUM,11.0,16.0,7,2026
BEA,12.0,86.607,MEDIUM,12.0,15.0,7,2026
BEA,13.0,86.753,MEDIUM,13.0,13.0,7,2026
BEA,14.0,85.933,MEDIUM,14.0,12.0,7,2026
BEA,15.0,85.544,MEDIUM,15.0,10.0,7,2026
BEA,16.0,86.485,MEDIUM,16.0,9.0,7,2026
BEA,17.0,86.707,MEDIUM,17.0,10.0,7,2026
BEA,18.0,91.2,MEDIUM,18.0,14.0,7,2026
BEA,20.0,85.204,HARD,2.0,18.0,7,2026
BEA,21.0,83.939,HARD,3.0,18.0,7,2026
BEA,22.0,84.285,HARD,4.0,18.0,7,2026
BEA,23.0,83.746,HARD,5.0,17.0,7,2026
BEA,24.0,84.052,HARD,6.0,17.0,7,2026
BEA,25.0,85.907,HARD,7.0,17.0,7,2026
BEA,26.0,86.829,HARD,8.0,17.0,7,2026
BEA,27.0,85.807,HARD,9.0,17.0,7,2026
BEA,28.0,84.161,HARD,10.0,17.0,7,2026
BEA,29.0,84.35,HARD,11.0,17.0,7,2026
BEA,30.0,83.789,HARD,12.0,15.0,7,2026
BEA,31.0,84.356,HARD,13.0,14.0,7,2026
BEA,32.0,85.245,HARD,14.0,14.0,7,2026
BEA,33.0,84.43,HARD,15.0,13.0,7,2026
BEA,34.0,84.255,HARD,16.0,13.0,7,2026
BEA,35.0,86.581,HARD,17.0,13.0,7,2026
BEA,36.0,85.902,HARD,18.0,13.0,7,2026
BEA,37.0,86.474,HARD,19.0,13.0,7,2026
BEA,38.0,86.381,HARD,20.0,12.0,7,2026
BEA,39.0,96.309,HARD,21.0,12.0,7,2026
BEA,41.0,82.484,SOFT,,15.0,7,2026
BEA,42.0,82.657,SOFT,,15.0,7,2026
BEA,43.0,82.419,SOFT,,15.0,7,2026
BEA,44.0,82.833,SOFT,,15.0,7,2026
BEA,45.0,82.897,SOFT,,15.0,7,2026
BEA,46.0,83.241,SOFT,,15.0,7,2026
BEA,47.0,83.829,SOFT,,15.0,7,2026
BEA,48.0,84.192,SOFT,,14.0,7,2026
BEA,49.0,83.926,SOFT,,14.0,7,2026
BEA,50.0,84.194,SOFT,,14.0,7,2026
BEA,51.0,83.951,SOFT,,14.0,7,2026
BEA,52.0,84.129,SOFT,,14.0,7,2026
BEA,53.0,84.514,SOFT,,14.0,7,2026
BEA,54.0,84.565,SOFT,,14.0,7,2026
BEA,55.0,84.642,SOFT,,13.0,7,2026
BEA,56.0,87.738,SOFT,,13.0,7,2026
BEA,57.0,84.737,SOFT,,13.0,7,2026
BEA,58.0,84.379,SOFT,,13.0,7,2026
BEA,59.0,84.106,SOFT,,13.0,7,2026
BEA,60.0,103.521,SOFT,,15.0,7,2026
